state,year_month,dengue_cases,temperature,humidity,precipitation
AM,2015-01,766,26.32,85.9,9.31
AM,2015-02,845,26.44,86.34,6.39
AM,2015-03,1140,26.05,89.03,11.37
AM,2015-04,872,26.1,89.51,7.04
AM,2015-05,851,26.33,88.78,11.25
AM,2015-06,705,26.45,86.67,5.44
AM,2015-07,532,27.84,76.49,4.1
AM,2015-08,418,30.55,61.31,1.46
AM,2015-09,427,33.0,45.88,0.91
AM,2015-10,354,33.07,49.82,1.93
AM,2015-11,296,30.77,63.94,2.95
AM,2015-12,675,30.64,63.48,4.36
AM,2016-01,1577,30.18,68.13,6.63
AM,2016-02,2538,28.04,81.86,9.86
AM,2016-03,2355,27.0,90.16,10.69
AM,2016-04,2860,26.74,89.86,10.04
AM,2016-05,1626,26.74,89.17,6.81
AM,2016-06,1143,26.28,87.05,5.22
AM,2016-07,807,27.1,82.42,4.34
AM,2016-08,529,28.84,72.45,1.99
AM,2016-09,374,29.32,69.63,3.66
AM,2016-10,331,30.25,66.41,4.9
AM,2016-11,503,30.28,66.95,3.61
AM,2016-12,551,26.95,84.26,11.74
AM,2017-01,1326,25.95,88.86,9.61
AM,2017-02,1304,25.98,88.98,13.17
AM,2017-03,1225,26.09,89.3,10.09
AM,2017-04,965,26.01,90.91,13.35
AM,2017-05,637,26.63,88.77,5.69
AM,2017-06,413,26.39,88.45,6.08
AM,2017-07,418,26.33,85.04,4.86
AM,2017-08,431,28.89,73.27,1.57
AM,2017-09,479,29.75,69.41,4.5
AM,2017-10,385,28.72,75.94,4.51
AM,2017-11,342,28.63,76.34,3.85
AM,2017-12,345,26.87,85.98,9.7
AM,2018-01,600,25.8,90.07,8.15
AM,2018-02,541,26.0,89.51,10.38
AM,2018-03,569,26.3,90.03,8.8
AM,2018-04,581,25.78,89.95,14.76
AM,2018-05,399,25.75,90.19,8.24
AM,2018-06,389,25.94,89.44,7.84
AM,2018-07,402,26.37,85.82,2.76
AM,2018-08,378,26.97,83.0,1.66
AM,2018-09,246,28.24,76.84,3.1
AM,2018-10,200,29.71,70.48,2.73
AM,2018-11,169,28.71,76.55,3.89
AM,2018-12,212,26.14,88.78,11.1
AM,2019-01,450,26.1,90.52,13.84
AM,2019-02,494,26.26,91.38,11.98
AM,2019-03,404,26.66,89.85,10.67
AM,2019-04,427,26.46,90.13,12.29
AM,2019-05,382,26.35,90.19,14.64
AM,2019-06,344,26.46,90.11,5.04
AM,2019-07,322,26.51,86.95,4.14
AM,2019-08,261,27.34,81.92,2.61
AM,2019-09,322,28.17,81.15,4.33
AM,2019-10,1028,27.12,84.96,6.13
AM,2019-11,1637,27.19,85.28,5.77
AM,2019-12,1899,26.84,88.62,8.32
AM,2020-01,2052,26.71,88.76,7.31
AM,2020-02,1304,26.81,89.15,7.13
AM,2020-03,1304,26.8,89.61,12.38
AM,2020-04,776,26.44,88.91,9.61
AM,2020-05,803,26.51,89.99,8.51
AM,2020-06,821,26.14,89.67,6.16
AM,2020-07,507,26.32,87.99,2.28
AM,2020-08,381,27.69,80.9,1.39
AM,2020-09,384,28.94,74.19,4.85
AM,2020-10,558,27.69,82.14,3.45
AM,2020-11,593,27.22,84.9,8.88
AM,2020-12,740,26.57,87.92,8.46
AM,2021-01,1337,26.29,88.23,11.32
AM,2021-02,2031,26.39,89.49,11.33
AM,2021-03,2705,25.8,89.01,18.44
AM,2021-04,2047,26.27,88.29,8.2
AM,2021-05,1785,26.58,88.01,6.3
AM,2021-06,1312,26.34,87.85,7.49
AM,2021-07,1036,26.22,86.71,7.69
AM,2021-08,697,26.85,84.99,5.52
AM,2021-09,446,27.15,84.11,3.41
AM,2021-10,364,27.3,84.67,5.6
AM,2021-11,533,26.92,86.53,9.36
AM,2021-12,571,26.43,89.44,9.52
AM,2022-01,291,26.02,90.42,8.24
AM,2022-02,398,25.75,89.71,7.93
AM,2022-03,594,25.9,89.07,9.69
AM,2022-04,444,26.03,88.88,11.06
AM,2022-05,384,25.85,89.4,6.38
AM,2022-06,245,25.62,88.03,6.58
AM,2022-07,188,26.47,87.32,2.85
AM,2022-08,175,26.8,85.46,1.35
AM,2022-09,542,28.51,76.28,1.74
AM,2022-10,899,27.96,79.16,3.94
AM,2022-11,614,28.03,76.3,3.09
AM,2022-12,582,26.79,83.97,6.04
AM,2023-01,888,25.65,87.94,7.36
AM,2023-02,837,25.9,89.18,8.78
AM,2023-03,570,26.1,88.63,7.14
AM,2023-04,554,26.21,88.69,5.56
AM,2023-05,483,26.42,90.81,5.28
AM,2023-06,325,26.43,88.97,2.96
AM,2023-07,423,27.3,84.25,1.82
AM,2023-08,252,29.85,68.02,0.8
AM,2023-09,291,32.07,55.36,1.17
AM,2023-10,281,32.8,53.67,2.03
AM,2023-11,441,31.43,62.32,3.53
AM,2023-12,974,28.29,81.15,7.48
AM,2024-01,2082,27.36,87.25,3.13
AM,2024-02,1844,27.43,88.18,6.75
AM,2024-03,1229,27.14,88.76,9.2
AM,2024-04,620,27.07,88.79,6.86
AM,2024-05,314,26.96,90.57,8.69
AM,2024-06,219,26.97,89.06,3.91
AM,2024-07,274,27.17,85.61,2.02
AM,2024-08,321,29.86,65.5,1.23
AM,2024-09,349,32.5,52.25,2.29
AM,2024-10,374,33.14,51.05,1.97
AM,2024-11,417,31.53,60.62,2.94
AM,2024-12,411,28.73,76.44,4.8
BA,2015-01,1629,26.67,73.0,0.5
BA,2015-02,3785,26.92,76.07,3.66
BA,2015-03,14174,27.3,74.29,1.18
BA,2015-04,15035,27.32,77.36,9.7
BA,2015-05,13125,25.51,84.03,13.44
BA,2015-06,7250,24.33,85.2,2.04
BA,2015-07,7116,23.85,83.04,1.28
BA,2015-08,4062,23.45,78.94,0.77
BA,2015-09,3263,24.98,74.62,0.07
BA,2015-10,2261,26.08,71.44,0.32
BA,2015-11,3237,27.65,68.06,0.62
BA,2015-12,5390,27.54,68.53,0.56
BA,2016-01,9644,27.27,78.09,6.84
BA,2016-02,26664,27.42,74.42,0.22
BA,2016-03,23866,27.66,73.5,0.19
BA,2016-04,9950,27.16,73.78,1.24
BA,2016-05,4242,25.87,78.63,1.92
BA,2016-06,1603,25.17,77.59,0.77
BA,2016-07,1198,24.17,77.08,0.45
BA,2016-08,879,24.2,77.86,3.15
BA,2016-09,770,24.58,76.18,2.73
BA,2016-10,1097,25.79,75.38,3.04
BA,2016-11,1178,26.34,74.28,1.92
BA,2016-12,1572,27.19,70.84,1.74
BA,2017-01,2961,27.06,69.35,0.09
BA,2017-02,2190,26.96,73.47,2.72
BA,2017-03,2112,27.02,75.19,3.77
BA,2017-04,1672,26.46,79.35,5.0
BA,2017-05,1549,25.46,80.6,4.59
BA,2017-06,1082,24.67,79.56,0.81
BA,2017-07,863,23.23,77.16,1.07
BA,2017-08,666,23.19,77.53,0.09
BA,2017-09,520,23.72,76.18,0.81
BA,2017-10,578,25.33,72.54,0.25
BA,2017-11,485,26.31,73.57,2.45
BA,2017-12,490,26.96,73.09,3.16
BA,2018-01,973,27.15,71.7,0.75
BA,2018-02,1066,27.32,72.46,1.66
BA,2018-03,1608,27.65,73.49,3.63
BA,2018-04,2508,26.28,77.51,6.44
BA,2018-05,2122,25.48,79.38,1.85
BA,2018-06,1192,24.48,79.89,1.31
BA,2018-07,832,23.81,75.88,0.26
BA,2018-08,813,24.28,76.5,0.87
BA,2018-09,626,24.99,73.46,0.59
BA,2018-10,804,26.37,71.93,0.96
BA,2018-11,811,26.58,72.98,3.21
BA,2018-12,955,26.72,74.67,3.07
BA,2019-01,3465,27.19,70.77,0.54
BA,2019-02,5988,28.55,69.67,0.16
BA,2019-03,7913,28.08,74.77,7.07
BA,2019-04,10758,27.68,76.83,4.95
BA,2019-05,18287,26.9,77.96,6.48
BA,2019-06,11969,25.43,76.04,1.16
BA,2019-07,8815,24.4,76.17,3.27
BA,2019-08,5671,23.9,77.11,0.53
BA,2019-09,3977,24.7,76.7,0.33
BA,2019-10,3106,26.01,72.63,1.87
BA,2019-11,2650,27.16,70.24,4.32
BA,2019-12,2167,27.34,70.9,0.97
BA,2020-01,4022,27.42,74.07,3.68
BA,2020-02,8358,27.98,74.17,2.1
BA,2020-03,13054,27.7,76.79,7.54
BA,2020-04,21823,27.2,79.29,11.97
BA,2020-05,26130,25.82,82.7,10.2
BA,2020-06,16772,25.06,80.42,2.03
BA,2020-07,8306,24.23,78.28,1.94
BA,2020-08,3052,24.01,78.24,1.32
BA,2020-09,1698,24.78,75.02,0.65
BA,2020-10,1351,26.58,72.92,1.42
BA,2020-11,1270,26.67,74.23,3.3
BA,2020-12,947,27.31,68.72,0.4
BA,2021-01,2227,27.07,73.04,2.1
BA,2021-02,6012,27.59,71.94,0.52
BA,2021-03,7552,27.34,70.35,0.48
BA,2021-04,6819,26.77,77.68,6.99
BA,2021-05,5585,25.59,76.05,2.32
BA,2021-06,2758,25.08,77.14,0.88
BA,2021-07,1286,24.07,80.91,2.42
BA,2021-08,686,23.59,77.56,1.32
BA,2021-09,561,25.21,73.93,0.86
BA,2021-10,532,26.79,72.64,3.12
BA,2021-11,1034,26.6,79.25,8.68
BA,2021-12,1782,26.57,80.83,10.3
BA,2022-01,1711,26.76,76.49,1.78
BA,2022-02,2657,27.52,75.82,2.65
BA,2022-03,6346,26.8,80.34,7.83
BA,2022-04,8265,26.71,78.64,10.27
BA,2022-05,7037,25.79,77.15,1.57
BA,2022-06,2990,24.52,77.73,0.63
BA,2022-07,1607,23.98,77.88,0.63
BA,2022-08,1291,23.74,75.06,0.37
BA,2022-09,830,24.48,75.89,0.41
BA,2022-10,934,26.05,74.42,2.03
BA,2022-11,1002,26.13,78.83,7.09
BA,2022-12,1062,26.55,78.03,2.28
BA,2023-01,3846,27.21,74.25,1.47
BA,2023-02,5047,27.62,73.32,2.14
BA,2023-03,5891,27.32,75.11,4.53
BA,2023-04,5624,27.43,75.3,1.98
BA,2023-05,6725,26.16,80.22,7.15
BA,2023-06,5970,24.89,79.95,1.97
BA,2023-07,5186,24.39,78.67,0.71
BA,2023-08,3123,24.89,77.14,0.43
BA,2023-09,1790,25.74,74.03,0.36
BA,2023-10,1493,26.93,69.66,0.24
BA,2023-11,1460,27.66,70.07,1.33
BA,2023-12,1319,27.99,70.6,2.82
BA,2024-01,5054,28.39,73.73,4.77
BA,2024-02,30966,27.86,77.89,7.32
BA,2024-03,74914,29.03,73.97,2.51
BA,2024-04,67257,27.75,82.21,14.96
BA,2024-05,32199,26.38,80.47,3.49
BA,2024-06,8761,25.21,79.78,2.37
BA,2024-07,4239,24.6,75.2,0.31
BA,2024-08,2279,24.68,76.63,0.63
BA,2024-09,1476,25.01,71.94,0.31
BA,2024-10,1219,26.79,72.38,1.27
BA,2024-11,1471,27.12,72.5,5.63
BA,2024-12,1433,27.93,69.27,0.09
GO,2015-01,15843,24.93,71.35,2.89
GO,2015-02,22703,23.26,80.02,7.96
GO,2015-03,37546,22.64,84.78,10.25
GO,2015-04,38668,23.03,84.36,6.98
GO,2015-05,40283,20.76,81.08,2.6
GO,2015-06,17888,20.56,70.38,0.04
GO,2015-07,5550,21.87,58.94,0.13
GO,2015-08,2973,24.03,41.48,0.2
GO,2015-09,2118,27.28,42.43,1.32
GO,2015-10,2884,29.16,43.67,2.27
GO,2015-11,5073,25.37,74.22,10.88
GO,2015-12,9734,24.79,75.17,5.15
GO,2016-01,22970,23.2,87.91,14.95
GO,2016-02,38272,23.94,81.27,6.08
GO,2016-03,36957,23.6,82.58,7.16
GO,2016-04,24821,22.83,72.72,0.05
GO,2016-05,11726,22.3,67.41,0.89
GO,2016-06,4649,21.68,56.26,0.07
GO,2016-07,2154,22.94,43.18,0.6
GO,2016-08,1946,24.89,42.78,0.97
GO,2016-09,2091,27.34,41.37,1.38
GO,2016-10,2738,25.66,63.64,6.3
GO,2016-11,3438,23.71,78.55,7.56
GO,2016-12,4418,23.64,79.28,5.88
GO,2017-01,7712,23.71,78.73,6.15
GO,2017-02,8868,22.82,82.9,8.31
GO,2017-03,12803,23.65,79.2,7.7
GO,2017-04,13241,23.01,80.27,4.95
GO,2017-05,14506,22.17,73.13,1.43
GO,2017-06,8605,21.27,61.3,0.04
GO,2017-07,3123,19.82,49.88,0.02
GO,2017-08,2163,24.71,36.09,0.0
GO,2017-09,2010,26.07,31.7,0.59
GO,2017-10,2740,27.68,42.81,2.47
GO,2017-11,2556,23.75,77.93,9.4
GO,2017-12,2970,23.35,82.84,9.01
GO,2018-01,10260,23.48,78.46,7.0
GO,2018-02,13500,23.29,82.26,8.85
GO,2018-03,20092,23.56,82.52,6.87
GO,2018-04,19535,21.78,83.26,5.31
GO,2018-05,16464,20.18,72.98,0.45
GO,2018-06,7294,21.22,62.0,0.03
GO,2018-07,3253,21.86,49.83,0.01
GO,2018-08,2530,24.57,44.43,0.5
GO,2018-09,2543,26.6,40.84,1.79
GO,2018-10,3546,25.09,72.31,7.2
GO,2018-11,4944,23.23,81.96,9.51
GO,2018-12,7017,23.64,79.41,5.98
GO,2019-01,12070,24.16,74.48,4.0
GO,2019-02,15742,23.99,80.97,10.44
GO,2019-03,23349,23.41,83.83,6.76
GO,2019-04,28692,23.4,81.67,6.83
GO,2019-05,31669,22.09,76.96,1.31
GO,2019-06,15202,20.99,63.17,0.0
GO,2019-07,5772,21.31,50.74,0.03
GO,2019-08,3196,24.91,40.67,0.02
GO,2019-09,3154,28.41,33.12,0.66
GO,2019-10,3429,27.42,52.5,2.98
GO,2019-11,3714,25.88,69.23,5.63
GO,2019-12,4299,24.64,76.84,5.97
GO,2020-01,8389,24.34,81.14,10.6
GO,2020-02,12658,23.44,84.99,12.86
GO,2020-03,15171,23.22,83.74,4.75
GO,2020-04,13103,22.42,83.23,4.63
GO,2020-05,10142,19.74,76.97,0.56
GO,2020-06,8061,20.41,70.07,0.0
GO,2020-07,5117,21.13,58.47,0.02
GO,2020-08,2578,23.4,45.49,0.0
GO,2020-09,1817,27.52,34.96,0.43
GO,2020-10,1451,26.87,58.43,4.51
GO,2020-11,1878,24.93,68.14,5.19
GO,2020-12,1685,25.22,70.84,7.66
GO,2021-01,4368,25.09,70.5,7.16
GO,2021-02,6587,23.67,80.87,11.51
GO,2021-03,9165,22.88,76.89,6.39
GO,2021-04,11653,22.3,69.05,3.59
GO,2021-05,10774,22.6,60.05,0.03
GO,2021-06,7324,22.11,54.31,0.17
GO,2021-07,3872,21.25,39.67,0.06
GO,2021-08,2664,24.65,35.4,0.07
GO,2021-09,2401,28.44,32.59,1.38
GO,2021-10,2761,26.15,65.2,4.76
GO,2021-11,6376,23.48,81.63,10.56
GO,2021-12,16214,23.5,82.1,8.56
GO,2022-01,20646,22.72,83.48,7.81
GO,2022-02,27551,22.86,85.13,11.7
GO,2022-03,45368,23.25,79.52,4.53
GO,2022-04,45600,22.49,75.36,1.11
GO,2022-05,29457,20.07,66.54,0.11
GO,2022-06,11870,21.45,56.76,0.04
GO,2022-07,5228,22.19,44.62,0.0
GO,2022-08,3697,24.13,37.2,0.0
GO,2022-09,3964,26.53,42.86,1.5
GO,2022-10,3593,26.09,58.16,2.96
GO,2022-11,4723,23.93,72.41,5.47
GO,2022-12,4958,22.54,85.41,10.51
GO,2023-01,6892,22.63,84.66,11.08
GO,2023-02,7644,23.62,80.93,7.99
GO,2023-03,11146,22.66,82.42,7.38
GO,2023-04,10356,22.44,82.53,4.68
GO,2023-05,8486,19.67,73.49,0.03
GO,2023-06,3909,19.65,68.53,0.18
GO,2023-07,2488,21.4,56.36,0.02
GO,2023-08,2594,24.97,44.68,0.66
GO,2023-09,3157,28.19,44.35,1.54
GO,2023-10,3319,28.33,57.94,2.3
GO,2023-11,4327,28.01,58.15,5.1
GO,2023-12,5814,27.11,63.16,7.26
GO,2024-01,432,24.56,77.8,6.75
GO,2024-02,1340,24.27,77.12,8.97
GO,2024-03,199,25.39,77.04,7.29
GO,2024-04,58,24.86,70.61,3.42
GO,2024-05,18,24.4,46.08,0.0
GO,2024-06,16,23.13,44.36,0.03
GO,2024-07,8,23.43,36.1,0.02
GO,2024-08,6,24.39,32.57,0.02
GO,2024-09,10,28.75,26.59,0.65
GO,2024-10,2,26.85,60.59,9.27
GO,2024-11,5,23.78,83.26,11.77
GO,2024-12,9,23.91,81.58,7.54
RS,2015-01,107,24.51,80.89,5.89
RS,2015-02,127,24.11,79.96,4.12
RS,2015-03,877,23.18,76.39,1.72
RS,2015-04,1501,20.35,77.25,3.91
RS,2015-05,672,17.46,81.99,4.65
RS,2015-06,191,14.44,84.63,6.49
RS,2015-07,75,14.62,89.13,12.25
RS,2015-08,92,18.53,84.88,3.77
RS,2015-09,65,16.7,82.66,7.6
RS,2015-10,70,18.18,84.78,10.98
RS,2015-11,116,20.11,82.7,4.06
RS,2015-12,308,23.25,85.48,5.78
RS,2016-01,746,24.32,82.22,3.93
RS,2016-02,1519,24.79,83.64,4.94
RS,2016-03,2497,21.7,84.68,7.61
RS,2016-04,2068,21.69,87.43,7.21
RS,2016-05,484,14.36,88.72,2.93
RS,2016-06,75,11.07,86.21,0.43
RS,2016-07,88,13.49,87.27,6.07
RS,2016-08,118,15.34,85.85,4.1
RS,2016-09,70,15.54,82.88,2.51
RS,2016-10,146,18.46,84.32,7.15
RS,2016-11,186,19.85,81.0,3.33
RS,2016-12,330,23.06,81.48,3.86
RS,2017-01,467,24.46,83.85,7.05
RS,2017-02,224,25.31,84.69,3.4
RS,2017-03,203,22.23,84.08,4.59
RS,2017-04,96,19.35,82.97,4.31
RS,2017-05,93,17.73,89.3,7.81
RS,2017-06,41,15.11,88.57,4.79
RS,2017-07,42,14.9,85.14,0.3
RS,2017-08,49,16.59,85.14,4.69
RS,2017-09,60,19.48,85.9,4.22
RS,2017-10,70,19.1,84.27,8.77
RS,2017-11,104,19.62,79.57,4.81
RS,2017-12,120,22.9,82.27,3.37
RS,2018-01,182,24.02,80.78,4.67
RS,2018-02,118,23.25,78.19,3.33
RS,2018-03,97,23.03,78.18,3.93
RS,2018-04,91,22.38,82.32,3.21
RS,2018-05,61,17.3,83.3,2.3
RS,2018-06,35,13.15,85.96,6.7
RS,2018-07,28,14.09,87.84,6.59
RS,2018-08,32,13.2,85.22,4.79
RS,2018-09,21,18.29,87.19,5.77
RS,2018-10,46,19.24,82.3,3.31
RS,2018-11,38,21.53,81.27,5.08
RS,2018-12,49,23.2,79.83,3.35
RS,2019-01,127,25.93,81.72,4.45
RS,2019-02,141,24.64,73.68,3.94
RS,2019-03,337,22.78,77.35,2.42
RS,2019-04,946,21.72,82.38,6.3
RS,2019-05,1318,18.56,89.1,7.52
RS,2019-06,590,17.44,86.35,1.67
RS,2019-07,184,13.12,86.14,5.34
RS,2019-08,115,14.27,85.23,3.25
RS,2019-09,93,16.34,83.11,3.41
RS,2019-10,92,20.37,83.89,10.64
RS,2019-11,127,21.42,81.55,4.09
RS,2019-12,121,23.09,75.14,1.12
RS,2020-01,205,24.93,74.32,4.14
RS,2020-02,572,24.78,69.35,2.89
RS,2020-03,1496,24.59,69.79,0.43
RS,2020-04,2216,20.21,70.09,1.26
RS,2020-05,1075,16.63,74.75,6.37
RS,2020-06,297,15.77,84.68,7.71
RS,2020-07,144,12.52,86.04,9.41
RS,2020-08,74,15.22,84.04,3.19
RS,2020-09,87,16.95,85.77,6.74
RS,2020-10,126,18.84,83.57,2.83
RS,2020-11,133,20.61,82.08,2.8
RS,2020-12,92,23.57,77.43,3.31
RS,2021-01,253,25.21,74.57,4.31
RS,2021-02,906,24.57,74.04,1.81
RS,2021-03,2882,23.78,77.22,3.73
RS,2021-04,7419,21.61,72.39,0.54
RS,2021-05,3448,15.28,77.86,5.53
RS,2021-06,544,13.9,86.02,6.15
RS,2021-07,216,12.78,82.92,1.54
RS,2021-08,155,16.03,84.94,5.84
RS,2021-09,110,17.91,84.25,6.97
RS,2021-10,158,18.78,79.12,2.1
RS,2021-11,176,21.42,75.65,2.55
RS,2021-12,189,23.28,72.6,1.94
RS,2022-01,212,26.5,71.21,5.62
RS,2022-02,1399,25.8,68.12,1.5
RS,2022-03,19293,23.24,75.16,4.49
RS,2022-04,29908,19.35,82.29,4.63
RS,2022-05,13866,14.96,86.99,5.27
RS,2022-06,1665,12.28,88.01,4.29
RS,2022-07,504,16.23,87.98,4.61
RS,2022-08,144,14.3,85.5,4.16
RS,2022-09,57,15.57,83.54,2.09
RS,2022-10,32,18.38,82.88,2.66
RS,2022-11,69,20.03,79.46,3.18
RS,2022-12,83,23.55,74.77,1.89
RS,2023-01,93,26.53,68.74,2.1
RS,2023-02,576,25.41,69.49,4.87
RS,2023-03,4998,25.67,75.28,2.79
RS,2023-04,13930,20.83,72.41,1.4
RS,2023-05,12845,18.21,80.86,4.5
RS,2023-06,3957,16.07,82.18,8.51
RS,2023-07,1046,14.73,86.47,6.87
RS,2023-08,293,15.83,81.85,2.51
RS,2023-09,114,18.27,87.49,15.26
RS,2023-10,129,18.64,85.59,5.73
RS,2023-11,196,20.83,85.91,11.41
RS,2023-12,498,23.96,83.65,3.32
RS,2024-01,3,23.76,83.74,5.17
RS,2024-02,5,25.2,82.63,3.57
RS,2024-03,7,24.32,79.03,2.53
RS,2024-04,3,21.77,83.79,10.28
RS,2024-05,4,16.58,88.38,14.49
RS,2024-06,3,16.6,89.09,7.44
RS,2024-07,1,12.94,89.43,2.49
RS,2024-08,0,15.08,87.7,2.86
RS,2024-09,1,18.27,87.89,4.78
RS,2024-10,0,19.9,84.5,3.11
RS,2024-11,1,22.31,81.92,2.53
RS,2024-12,1,21.77,80.31,3.76
SP,2015-01,60868,24.0,77.27,6.06
SP,2015-02,161423,22.29,83.04,8.25
SP,2015-03,329100,21.28,85.07,8.0
SP,2015-04,264778,20.01,83.92,2.95
SP,2015-05,114162,17.74,83.77,3.08
SP,2015-06,26667,16.81,79.29,1.17
SP,2015-07,9279,16.77,80.35,2.83
SP,2015-08,6915,18.98,68.7,1.39
SP,2015-09,7134,20.73,73.68,6.08
SP,2015-10,10097,22.16,74.15,3.53
SP,2015-11,15747,21.88,85.08,7.03
SP,2015-12,29695,22.65,84.79,6.2
SP,2016-01,75596,22.13,84.32,6.5
SP,2016-02,114256,23.0,84.84,6.77
SP,2016-03,128535,21.95,87.18,7.67
SP,2016-04,76834,21.62,79.75,0.85
SP,2016-05,23199,17.28,85.85,3.52
SP,2016-06,5763,14.14,86.54,6.1
SP,2016-07,3818,15.6,78.62,0.25
SP,2016-08,3818,17.51,73.78,2.2
SP,2016-09,4441,18.43,73.97,1.55
SP,2016-10,6796,20.45,76.42,4.08
SP,2016-11,8902,20.74,78.07,4.97
SP,2016-12,9039,22.41,77.38,4.87
SP,2017-01,10605,22.42,86.03,11.64
SP,2017-02,10957,22.88,82.43,4.23
SP,2017-03,11251,21.18,86.27,5.32
SP,2017-04,7987,19.31,86.37,4.38
SP,2017-05,5731,17.87,87.48,5.76
SP,2017-06,3637,16.12,84.42,4.12
SP,2017-07,2537,14.73,80.55,0.06
SP,2017-08,3215,16.52,79.15,2.38
SP,2017-09,5994,20.3,64.0,1.51
SP,2017-10,7925,21.81,72.82,4.15
SP,2017-11,7038,20.42,77.09,5.55
SP,2017-12,6745,22.26,78.89,4.58
SP,2018-01,10335,22.28,82.73,7.11
SP,2018-02,8721,21.73,80.06,3.13
SP,2018-03,9092,22.95,82.88,7.11
SP,2018-04,8156,20.53,79.66,1.98
SP,2018-05,6798,18.47,75.82,0.56
SP,2018-06,4523,18.04,75.8,1.3
SP,2018-07,3085,18.34,64.56,1.22
SP,2018-08,2882,16.84,74.84,2.03
SP,2018-09,3159,19.63,72.6,2.9
SP,2018-10,4533,20.36,81.05,5.86
SP,2018-11,6260,21.24,78.45,4.58
SP,2018-12,10763,23.1,75.01,5.49
SP,2019-01,36042,24.41,78.79,7.58
SP,2019-02,73228,22.43,82.16,8.3
SP,2019-03,119679,21.8,86.02,6.23
SP,2019-04,174726,21.04,84.24,5.89
SP,2019-05,173326,19.25,83.58,2.12
SP,2019-06,63311,17.44,80.19,1.64
SP,2019-07,18912,15.74,75.59,3.63
SP,2019-08,10117,17.21,73.66,0.54
SP,2019-09,9580,20.38,71.14,2.73
SP,2019-10,10885,22.48,68.07,1.76
SP,2019-11,12317,21.69,76.18,4.84
SP,2019-12,17428,22.41,78.35,5.33
SP,2020-01,61175,22.44,81.39,8.21
SP,2020-02,101398,21.68,85.67,12.25
SP,2020-03,81114,20.57,84.85,3.47
SP,2020-04,48319,18.41,83.7,0.74
SP,2020-05,31088,15.8,79.92,1.1
SP,2020-06,19400,17.35,82.93,3.56
SP,2020-07,13469,16.51,79.27,0.24
SP,2020-08,7947,16.87,78.42,2.24
SP,2020-09,7779,21.62,69.18,0.95
SP,2020-10,7136,21.87,70.77,3.63
SP,2020-11,7986,20.97,73.25,3.11
SP,2020-12,8093,22.92,78.49,5.86
SP,2021-01,19293,23.4,79.43,5.59
SP,2021-02,40447,22.69,77.81,7.55
SP,2021-03,72218,22.84,79.32,4.53
SP,2021-04,84825,19.51,77.97,2.04
SP,2021-05,53898,17.82,73.92,1.69
SP,2021-06,22438,16.74,77.88,1.02
SP,2021-07,9717,14.87,68.67,1.24
SP,2021-08,7789,18.29,66.98,1.54
SP,2021-09,7898,21.38,66.75,1.14
SP,2021-10,7112,19.83,77.17,3.81
SP,2021-11,9157,21.35,71.77,2.83
SP,2021-12,14004,21.66,74.93,5.16
SP,2022-01,8150,22.41,84.05,9.0
SP,2022-02,16424,21.99,82.53,2.68
SP,2022-03,66781,22.37,84.11,6.27
SP,2022-04,118127,19.98,82.96,1.85
SP,2022-05,90991,16.39,78.94,2.09
SP,2022-06,23280,16.1,80.49,1.26
SP,2022-07,9245,18.17,69.14,0.52
SP,2022-08,4388,16.73,72.73,1.42
SP,2022-09,2806,17.38,75.02,4.02
SP,2022-10,3036,21.01,76.99,3.81
SP,2022-11,3480,19.31,77.51,4.97
SP,2022-12,4261,21.22,83.09,6.9
SP,2023-01,15871,21.66,84.84,7.18
SP,2023-02,36800,22.07,86.87,10.44
SP,2023-03,88536,21.98,85.84,7.3
SP,2023-04,96994,19.02,86.67,4.1
SP,2023-05,56317,17.17,84.44,1.71
SP,2023-06,13620,15.61,81.58,1.64
SP,2023-07,4149,16.14,77.45,0.89
SP,2023-08,2977,18.73,72.35,1.11
SP,2023-09,3010,22.41,67.44,3.22
SP,2023-10,3783,21.64,80.08,7.96
SP,2023-11,5581,23.58,71.76,5.15
SP,2023-12,9536,24.67,69.39,2.3
SP,2024-01,37,23.85,75.37,8.64
SP,2024-02,69,23.85,78.08,6.81
SP,2024-03,70,23.48,79.49,6.21
SP,2024-04,84,22.61,73.08,1.91
SP,2024-05,76,20.94,65.99,2.22
SP,2024-06,31,18.85,65.55,0.07
SP,2024-07,18,17.25,71.44,2.02
SP,2024-08,5,18.46,59.58,1.87
SP,2024-09,5,22.57,57.26,0.92
SP,2024-10,3,21.64,72.46,4.45
SP,2024-11,6,22.04,76.49,4.45
SP,2024-12,9,22.8,79.01,7.02
